{
    "addr":"/上海 /",
    "advantage":"年底双薪；员工旅游；一年多次调薪",
    "com_feature":"  移动互联网,电子商务 领域   B轮 发展阶段   高瓴资本领投，高榕资本、顺为资本跟投(B轮) 投资机构   150-500人 规模    http://www.immatchu.com 公司主页  ",
    "com_name":"人赢科技",
    "expertence":"本科及以上 /",
    "job_detail":"\n职位描述：\n工作职责：\n1. 需求确认、拆分、排期、开发、上线\n2. 开发并实现各类业务系统需求\n3. 技术架构的持续优化\n\n职位要求：\n1. 具备扎实的编程功底和丰富的后端开发经验，理解io、多线程、集合等基础\n2. 对JVM原理有一定的了解\n3. 熟悉面向对象设计开发; \n4. 熟悉MYSQL数据库设计和优化，熟悉MongoDB\n5. 熟悉缓存数据库的使用，如Redis、Memcache等\n6. 熟悉SpringBoot全家桶，熟悉Maven、Intellij IDEA、Git、Nginx、RabbitMQ\n7. 熟练掌握网站性能优化方法，包括WebServer性能优化，负载均衡，数据库优化。熟悉分布式系统设计和应用\n8. 熟悉http和https协议，掌握web运行流程和原理\n9. 熟悉Linux操作系统，\n10. 具备清晰的软件开发流程思想，逻辑性强，善于沟通，执行力强\n\n加分项-技术\n- 具备电商系统经验\n- 提供个人网站、Github、Blog等任一种可以证明技术能力的资料\n- 1年以上团队领导经验\n- 学习能力强：项目发展比较快，涉及的技术栈比较多，需要快速学习和丰富个人技术栈体系\n- 系统性逻辑思维强：需要有全局观，做产品时要把握一个产品上线影响的各种细节，提高产品质量\n- 自我驱动：拒绝玻璃心，我们需要的是每个人都发光发热，持续自我驱动，达成目标\n",
    "money":"25k-40k ",
    "name":"java",
    "part_time":"全职",
    "times":"经验3-5年 /",
    "title":"技术-后端开发-Java-java",
    "work_addr":" 上海- 徐汇区- 徐家汇 -虹桥路333号510b 查看地图 "
}