{
    "addr":"/北京 /",
    "advantage":"七险一金 免费餐饮 海外团建 专业团队",
    "com_feature":"  移动互联网,金融 领域   D轮及以上 发展阶段   招商局、SIG、光远资本领投(C轮)，SIG(B轮)，IDG资本(A轮)，玖富时代(天使轮) 投资机构   500-2000人 规模    http://www.wecash.net 公司主页  ",
    "com_name":"闪银奇异",
    "expertence":"本科及以上 /",
    "job_detail":"\n职责描述： 1、负责业务后端服务系统的设计与研发工作； 2、参与需求分析，编写相关技术、业务文档； 3、负责业务系统重构与优化、性能优化； 4、解决所负责模块的技术问题； 5、公司安排的其他工作。 任职要求： 1、统招本科及以上学历，3年以上工作经历，计算机相关专业； 2、java基础扎实，了解常用数据结构； 3、熟悉springMVC、spring、MyBatis，dubbo框架，了解主流中间件； 4、熟悉mysql数据库，非关系型数据库MongoDB，Redis； 5、熟悉常用的linux操作命令； 6、拥有良好的业务逻辑理解能力和沟通表达能力； 7、工作认真负责，有互联网金融项目开发经验者优先。 \n",
    "money":"20k-35k ",
    "name":"java开发工程师",
    "part_time":"全职",
    "times":"经验3-5年 /",
    "title":"技术-后端开发-Java-java开发工程师",
    "work_addr":" 北京- 朝阳区 -农展馆南路13号瑞辰国际中心8层801室 查看地图 "
}{
    "addr":"/深圳 /",
    "advantage":"发展前景，大牛多，弹性工作，福利待遇好",
    "com_feature":"  企业服务,人工智能 领域   B轮 发展阶段   创讯资本(B轮)，梅格基金(A轮)，洪领投资(天使轮) 投资机构   150-500人 规模    https://www.lagou.com/gon... 公司主页  ",
    "com_name":"联盟智能社区",
    "expertence":"本科及以上 /",
    "job_detail":"\n职位描述：\n1、负责公司产品的服务端核心代码开发；  \n2、参与产品架构设计、优化及技术方案实施  \n3、解决产品研发过程中碰到的各种技术难题，突破性能瓶颈；  \n4、深度参与业务规划，讨论并提出有建设性的意见。\n任职要求：\n1、本科及以上学历，计算机相关专业； \n2、三年以上服务端核心开发、架构经验  \n专业要求： \n1、JAVA基础扎实，熟练掌握IO、多线程、集合等基础类库，熟悉分布式缓存、消息机制、搜索引擎等技术；  \n2、熟悉J2EE规范，掌握常用的设计模式；熟悉高并发、高性能的分布式系统的设计及应用、调优 \n3、熟悉SQL，了解Mysql及相关分布式存储技术  \n4、深入了解互联网常用技术栈，zk、dubbo、redis、spring、mybatis等开源组件和技术  \n4、专注于技术，精益求精，并对业界的最新技术发展动态有比较密切的关注；  \n5、新的思维，并能从技术趋势和思路上能影响技术团队；  \n6、有激情、愿意分享，自驱能力强，良好的结果导向和抗压能力。\n",
    "money":"20k-40k ",
    "name":"java开发工程师",
    "part_time":"全职",
    "times":"经验3-5年 /",
    "title":"技术-后端开发-Java-java开发工程师",
    "work_addr":" 深圳- 罗湖区- 蔡屋围 -红岭路都汇中心15F 查看地图 "
}