{
    "addr":"/深圳 /",
    "advantage":"五险一金,周末双休,带薪年假多,年度旅游",
    "com_feature":"  其他,企业服务 领域   不需要融资 发展阶段   15-50人 规模    http://leadstecgz.com/ 公司主页  ",
    "com_name":"凝新",
    "expertence":"本科及以上 /",
    "job_detail":"\n【岗位职责】\n\n1. 根据业务需求，完成Web应用的开发工作，完成前端代码（HTML，JavaScript）以及后端逻辑代码（Java）的编写\n2. 派驻客户现场，与客户保持良好沟通，并且负责开发及现场支持 \n\n\n【加分项】\n\n1. 在GitHub或其他平台上有过开源项目\n2. 有个人技术博客，公开发布过技术文章、论文等\n3. 具备优秀的英语或粤语口头表达能力\n\n\n【职位要求】\n\n1. 本科以上学历，计算机相关专业，能独立阅读和理解英文文档，2年以上Java Web开发经验。\n2. 熟练掌握JAVA、JavaBean、JDBC、文件IO、集合框架等基础知识，具有良好的编码规范。\n3. 熟练掌握HTML，CSS，Javascript，jQuery，具备独立承担前端开发任务的能力。\n\n\n【其他福利】\n\n1. 竞争力的薪酬+扁平化管理+无障碍沟通+弹性工作制+年轻奋进；\n2. 五险一金\n3. 天天加油站：长期零食、水果、饮料、咖啡、茶包、奶茶等；\n4. 各类学习机会：专业类培训、内部分享会（产品、技术等）、外部学习机会。\n5. 各类活动：团体活动、定期旅游、文体活动（旅游、爬山、球赛、拓展、KTV等）。\n6. 各种补贴：免费加班餐，出差餐费补贴，手提电脑补贴。\n7. 各种奖金：年终项目奖金，优秀员工奖金。\n8. 节日补助：结婚礼包、生育礼包、大型节假日的节日聚餐，不定期微信红包。\n\n更多福利快速迭代更新中，我们一直在用心聆听公司每位小伙伴的需求。\n\n工作地址\n深圳 - 龙岗区 \n",
    "money":"10k-18k ",
    "name":"Java 高级开发工程师",
    "part_time":"全职",
    "times":"经验3-5年 /",
    "title":"技术-后端开发-Java-Java 高级开发工程师",
    "work_addr":" 深圳- 龙岗区 -坂田街道雪岗北路133号天安云谷一期 查看地图 "
}