{
    "addr":"/北京 /",
    "advantage":"大牛云集",
    "com_feature":"  移动互联网,企业服务 领域   上市公司 发展阶段   昆仲资本、百树成林(上市公司)，东方富海、中银集团、新希望集团、陈发树、王亚伟等重磅融资(上市公司)，获得新希望集团、中信金石、正和岛、海通证券等投资(D轮及以上)，东方富海(C轮)，复星集团(B轮)，东方富海战略投资(B轮)，申银万国(A轮)，中关村投资(A轮)，雷军（小米科技创始人）、李汉生（前惠普中国区总裁）投资(天使轮) 投资机构   500-2000人 规模    http://www.hecom.cn/ 公司主页  ",
    "com_name":"和创科技（红圈营销）",
    "expertence":"本科及以上 /",
    "job_detail":"\n岗位职责\n1、负责系统的业务分析、架构设计和核心代码开发；\n2、负责系统的稳定性保障，建设高并发、高性能、高可用系统\n3、攻克技术难点，指导初级工程师，促进团队共同成长；\n\n任职资格\n1、4年以上分布式系统设计和开发经验，基础扎实；\n2、具备编写高质量代码能力，乐于钻研技术并提高代码性能、可扩展性、可维护性；\n3、熟练掌握主流开源应用框架，Spring MVC、Spring Boot、Mybatis等；\n4、熟练掌握MySQL、Oracle应用开发，熟悉数据库原理和性能优化；\n5、熟悉Dubbo、Spring Cloud等服务框架，熟悉Memcached、Redis；\n6、熟悉消息中间件，RabbitMQ、Kafka等，有相关实践经验优化考虑；\n7、了解搜索引擎原理，Elasticsearch、Lucene等，有相关实践经验优化考虑；\n8、有大型分布式系统设计开发经验优先考虑；\n",
    "money":"20k-35k ",
    "name":"高级Java工程师",
    "part_time":"全职",
    "times":"经验5-10年 /",
    "title":"技术-后端开发-Java-高级Java工程师",
    "work_addr":" 北京- 西城区- 新街口 -新街口外大街甲14号十月大厦 查看地图 "
}