{
    "addr":"/成都 /",
    "advantage":"社保公积金 晋升空间大 周末双休",
    "com_feature":"  移动互联网 领域   A轮 发展阶段   150-500人 规模    http://www.sc66666.com/ 公司主页  ",
    "com_name":"四川弘和集团",
    "expertence":"本科及以上 /",
    "job_detail":"\n岗位职责：\n1、按照软件设计要求，遵照软件开发规定，完成系统/软件单元模块的编码工作，并完成模块的单元测试。\n2、负责对系统/软件单元模块缺陷的修改。\n3、按照软件设计要求，遵照软件开发规定，编写技术文档和操作手册。\n4、跟踪客户使用情况，提供及时的技术支持和指导，改正程序错误。\n5、及时响应用户的服务要求。\n任职资格：\n1. 计算机软件专业或相关专业，3年及以上工作经验，25岁以上；\n2. 精通C++开发，拥有3年以上C++研发经验，热爱软件开发工作；\n3、有流媒体相关的研发经验和背景，对视频监控有一定的认识；\n4、较强的软件调试手段，遇到问题能够快速定位缺陷，并及时修正错误；\n5、熟悉Windows VS或Linux GCC其中一种编程环境，熟悉STL、boost库，熟练使用VS、windbg、GCC、gdb等工具；\n6.强烈的责任心和良好的团队合作精神，较好的沟通能力；\n7. 985或211院校毕业优先。\n",
    "money":"12k-18k ",
    "name":"c++(流媒体方向)开发工程师",
    "part_time":"全职",
    "times":"经验3-5年 /",
    "title":"技术-后端开发-C++-c++(流媒体方向)开发工程师",
    "work_addr":" 成都- 武侯区- 机投桥 -武科东四路11号慧谷科技园 查看地图 "
}