{
    "addr":"/北京 /",
    "advantage":"五险一金",
    "com_feature":"  企业服务,数据服务 领域   上市公司 发展阶段   2000人以上 规模    http://www.hand-china.com 公司主页  ",
    "com_name":"汉得信息",
    "expertence":"本科及以上 /",
    "job_detail":"\n职位描述：\n1. 可以做WIN32开发\n2. 可以结合electron做客户端开发\n任职要求：\n1. C++三年以上经验\n2. 做过基于C的客户端开发\n3. 有独自承担功能模块的开发经验\n5. 做事认真仔细\n",
    "money":"17k-22k ",
    "name":"c++",
    "part_time":"全职",
    "times":"经验5-10年 /",
    "title":"技术-后端开发-C++-c++",
    "work_addr":" 北京- 朝阳区- 亚运村 -国家会议中心 查看地图 "
}