{
    "addr":"/武汉 /",
    "advantage":"节日福利 晋升快 大平台",
    "com_feature":"  电子商务,硬件 领域   B轮 发展阶段   500-2000人 规模    http://www.mayn.com.cn 公司主页  ",
    "com_name":"宁美国度",
    "expertence":"大专及以上 /",
    "job_detail":"\n岗位要求：\n1.两年以上C/C++开发经验,能熟练使用VC开发应用程序;\n2.熟悉MFC框架;\n3.熟悉Windows程序开发;并能熟练使用Windows API;\n4.熟悉多线程开发;\n5.有DirectUI开发经验者优先;\n6.熟悉网络编程，有HTTP通讯开发经验者优先;\n7.有Windows内核开发能力者优先;\n8.具备较强的自学能力和良好的沟通能力，敬业、主动、易沟通、有团队合作意识;\n",
    "money":"8k-15k ",
    "name":"c++开发工程师",
    "part_time":"全职",
    "times":"经验3-5年 /",
    "title":"技术-后端开发-C++-c++开发工程师",
    "work_addr":" 武汉- 江夏区- 流芳 -武汉市江夏区高新技术开发区光谷智慧园 查看地图 "
}{
    "addr":"/上海 /",
    "advantage":"专业平台 成长空间",
    "com_feature":"  移动互联网,广告营销 领域   上市公司 发展阶段   500-2000人 规模    http://www.dotcunitedgrou... 公司主页  ",
    "com_name":"DotC United Group",
    "expertence":"本科及以上 /",
    "job_detail":"\n工作职责：\n1、负责产品后台的开发工作计划与安排；\n2、实现策划功能；\n3、有良好的编程思路及习惯。\n任职资格\n本科以上学历，1-3年相关工作经验；\n精通后台开发语言（C++）；\n熟悉Linux/Unix系统与开发环境；\n熟悉TCP/IP协议、Socket编程；\n具有良好的代码风格、接口设计与系统架构设计能力；\n抗压能力强，勇于挑战，能够适应高强度的创新产品研发工作；\n思路清晰，具备良好的沟通能力和团队协作精神；\n有高性能大容量服务系统设计开发经验者优先\n",
    "money":"13k-18k ",
    "name":"c++开发工程师",
    "part_time":"全职",
    "times":"经验1-3年 /",
    "title":"技术-后端开发-C++-c++开发工程师",
    "work_addr":" 上海- 徐汇区 -嘉善路508号尚街LOFT一号楼3层 查看地图 "
}{
    "addr":"/深圳 /",
    "advantage":"朝阳产业，优秀员工持股计划",
    "com_feature":"  移动互联网 领域   A轮 发展阶段   汽车在线(天使轮) 投资机构   150-500人 规模    http://www.goome.net 公司主页  ",
    "com_name":"酷米客公交",
    "expertence":"本科及以上 /",
    "job_detail":"\n工作职责：                                                                          1、负责公司现有平台产品的代码维护和开发。\n2、负责根据项目经理编制的需求进行软件设计和功能开发。\n3、编写相关设计文档和标准化资料。\n4、参与公司现有产品技术问题的定位、分析和解决；\n5、负责执行上级领导安排的临时性开发工作。\n岗位要求：\n1、计算机相关专业，本科含以上学历，3年以上Linux下应用软件开发工作经验；\n2、熟悉C++编程语言，熟练应用开发工具和相关调试工具；\n3、踏实肯干能吃苦,逻辑思路清晰，工作认真负责，良好的团队合作精神，适应加班。\n",
    "money":"15k-30k ",
    "name":"c++开发工程师",
    "part_time":"全职",
    "times":"经验3-5年 /",
    "title":"技术-后端开发-C++-c++开发工程师",
    "work_addr":" 深圳- 南山区- 大冲 -深圳市南山科技园 查看地图 "
}