{
    "addr":"/杭州 /",
    "advantage":"双休,五险一金,补贴,国内外旅游",
    "com_feature":"  移动互联网,电子商务 领域   上市公司 发展阶段   150-500人 规模    http://www.duomai.cn 公司主页  ",
    "com_name":"多麦",
    "expertence":"本科及以上 /",
    "job_detail":"\n岗位职责：\n1、负责电商搜索平台的研发与实现\n2、持续迭代优化搜索推荐排序模型，结合平台业务特点探索最佳搜索实践方案\n3、深入搜索用户行为分析，挖掘用户意图，持续提升用户搜索和推荐的转化效果\n\n岗位要求：\n1、具备扎实的Java／Python基础，有Solr、ElasticSearch等开源搜索引擎至少一种应用和调优经验。\n2、熟悉搜索相关性的技术，包括搜索引擎原理、自然语言处理、意图分析等。\n3、熟悉常用的大数据开发工具，例如Hadoop/Spark/Hive等。\n4、自我驱动，喜欢挑战，有着良好的沟通能力。\n5、有大规模电商搜索推荐经验者优先。\n6、有机器学习、知识图谱经验者优先。\n",
    "money":"15k-30k ",
    "name":"搜索算法工程师",
    "part_time":"全职",
    "times":"经验1-3年 /",
    "title":"技术-后端开发-搜索算法-搜索算法工程师",
    "work_addr":" 杭州- 江干区- 秋涛北路 -普盛路9号东谷创业园1号楼 查看地图 "
}{
    "addr":"/北京 /",
    "advantage":"年底多薪,七险一金,三餐+零食,周末双休",
    "com_feature":"  社交网络,文化娱乐 领域   D轮及以上 发展阶段   高盛、腾讯、GGV、晨兴资本、BAI(D轮及以上)，腾讯C＋轮战略投资(C轮)，晨兴资本（Morningside）、纪源资本（GGV）、贝塔斯曼（BAI）(C轮)，纪源资本（GGV）、贝塔斯曼（BAI）、银泰资本（Ventech）(B轮)，贝塔斯曼（BAI）、银泰资本（Ventech）(A轮)，泽厚资本（BWVentures）(天使轮) 投资机构   500-2000人 规模    http://GotoKeep.com 公司主页  ",
    "com_name":"Keep",
    "expertence":"硕士及以上 /",
    "job_detail":"\n岗位职责： \n1、负责 Keep 搜索研发工作，服务数亿运动用户\n2、负责将 NLP 技术应用到搜索算法改进中，包括查询改写、纠错和意图识别等；\n3、负责基础相关性，以及排序策略和模型\n\n任职要求：\n1、2年以上工作经验，有大型互联网公司从业经验优佳；  \n2、良好的编码能力，有扎实的数据结构和算法功底；  \n3、熟悉搜索引擎，对 NLP 和 Ranking 等搜索相关算法策略有一定了解\n4、至少精通 Java、Python 中的一种开发语言； \n5、加分项：技术geek，英语好。\n",
    "money":"30k-60k ",
    "name":"搜索算法工程师",
    "part_time":"全职",
    "times":"经验1-3年 /",
    "title":"技术-后端开发-搜索算法-搜索算法工程师",
    "work_addr":" 北京- 东城区- 东四 -亮点设计中心 查看地图 "
}{
    "addr":"/上海 /",
    "advantage":"平台大,大牛多,氛围好",
    "com_feature":"  电子商务,移动互联网 领域   上市公司 发展阶段   红杉资本(C轮)，高榕资本，IDG(A轮,B轮) 投资机构   2000人以上 规模    http://www.pinduoduo.com/ 公司主页  ",
    "com_name":"拼多多",
    "expertence":"本科及以上 /",
    "job_detail":"\n岗位职责\n1、负责电商搜索排序架构，带领团队利用文本算法、意图分析、用户行为建模，优化排序效果；\n2、负责对搜索大规模的查询、点击数据进行分析，挖掘获取对搜索排序有用的特征信息；\n3、关注机器学习业界动态，将高效的方法和工具用于算法的改进，提升团队基础研究能力。\n\n任职资格\n1、计算机、数学、统计或相关专业硕士以上学历，3年及以上机器学习相关工作经验；\n2、熟悉信息检索、自然语言处理、机器学习的常用算法，了解搜索引擎的基本架构；\n3、在查询意图、文本挖掘、LTR、用户行为分析其中一个领域有较深入的研究经验；\n4、较好的代码实现能力，熟练使用C++/Java等编程语言，快速使用数据分析工具和脚本；\n5、具有优秀的分析、解决实际问题的能力，能够自我驱动，有创业的激情和很强的抗压性。\n\n加分项\n1、有信息检索、搜索引擎的排序算法研究工作经验者优先；\n2、有电商的搜索、推荐、广告的想法相关工作经验者优先。\n",
    "money":"25k-50k ",
    "name":"搜索算法工程师",
    "part_time":"全职",
    "times":"经验3-5年 /",
    "title":"技术-后端开发-搜索算法-搜索算法工程师",
    "work_addr":" 上海- 长宁区 -娄山关路533号金虹桥国际中心 查看地图 "
}