{
    "addr":"/深圳 /",
    "advantage":"薪酬好,福利好,氛围好",
    "com_feature":"  移动互联网,其他 领域   天使轮 发展阶段   50-150人 规模    http://www.lagou.com/gong... 公司主页  ",
    "com_name":"到鸟科技",
    "expertence":"本科及以上 /",
    "job_detail":"\n工作职责：\n1，负责搜索列表页，类目页的排序算法，提升点击率，销售额，合理流量分配等业务指标；2.负责搜索意图识别，实体识别，query类目预测，query改写，query推荐等项目，将深度学习bert等前沿技术应用到搜索场景\n2，研究统计数据分析挖掘等数据科学技术技术，输出用户画像，商品画像挖掘结果，应用到搜索等业务场景；\n职位要求：\n1.计算机及相关专业本科以上学历，具有超过3年的互联网推荐，搜索，风控，广告等相关领域的机器学习经验。\n2. 熟悉机器学习/自然语言处理/知识图谱技术/深度学习/复杂网络中至少一个领域的原理与算法，并且能够熟练建模解决业务问题。\n3.个性化搜索排序，query改写经验者优先；\n4.具有优秀的分析和解决问题的能力，思路清晰，对工作上的挑战充满激情。\n5.具有强烈的工作责任感和团队合作精神，能较好的沟通与学习。\n关键词：rnn,lstm,word2vector,learning to rank,wide&deep  xgboost,random forest,graph embedding,  deep learing,dssm\n每年可以拿到1-3个月的年终奖\n",
    "money":"50k-70k ",
    "name":"搜索算法专家",
    "part_time":"全职",
    "times":"经验5-10年 /",
    "title":"技术-后端开发-搜索算法-搜索算法专家",
    "work_addr":" 深圳- 南山区- 科技园 -商业中心 查看地图 "
}{
    "addr":"/北京 /",
    "advantage":"五险一金,绩效奖金,租房优惠,餐补",
    "com_feature":"  移动互联网,O2O 领域   A轮 发展阶段   500-2000人 规模    http://www.ziroom.com 公司主页  ",
    "com_name":"自如网",
    "expertence":"本科及以上 /",
    "job_detail":"\n工作职责\n    1. 支持搜索和推荐业务的索引系统的设计，开发与性能优化\n    2.改进推荐引擎架构，提升在线推荐系统的性能、稳定性、扩展性；\n\n任职资格\n    1.本科以上学历，计算机或相关专业 \n    2.精通搜索引擎架构原理、排序算法、索引处理及分词算法，索引数据结构；\n    3. 熟悉Lucene、Solr、ElasticSearch等搜索引擎技术，了解Lucene源码优先。\n    4. 熟悉linux开发环境，熟练使用C++或java，具有面向对象编程思维 \n    5. 具有大型搜索引擎相关项目经验优先考虑。\n    6. 有高性能分布式服务系统设计与开发经验的优先\n    7.实践过中文信息检索，自然语言处理、数据挖掘、机器学习者优先；\n",
    "money":"20k-40k ",
    "name":"搜索算法专家",
    "part_time":"全职",
    "times":"经验3-5年 /",
    "title":"技术-后端开发-搜索算法-搜索算法专家",
    "work_addr":" 北京- 朝阳区 -将台路5号院内16号楼（普天实业科技园16号楼） 查看地图 "
}