{
    "addr":"/西安 /",
    "advantage":"七险一金 年度体检 14薪",
    "com_feature":"  电子商务,移动互联网 领域   D轮及以上 发展阶段   2000人以上 规模    http://www.xin.com 公司主页  ",
    "com_name":"优信集团",
    "expertence":"大专及以上 /",
    "job_detail":"\n岗位职责：\n1. 独立完成领导分配的开发任务；\n2. 负责部分项目的整体设计和开发工作，独立对项目开发工作进行简单协调；\n3. 负责相关项目的生产环境问题处理、线上bug排查修复；\n4. 协调其他团队对接工作，包括产品、测试、运维和其他项目团队；\n5. 负责项目框架调优工作，有意识去发现及优化现有项目技术体系。\n任职要求：\n1. 计算机及相关专业本科及以上学历，3年以上开发经验；\n2. 具有扎实的PHP语言基础，具有良好的代码习惯，熟悉常用的WEB框架；\n3. 熟悉常见设计模式，熟练掌握常用的消息队列、缓存、负载均衡等技术；\n4. 具有扎实的SQL基础，有良好的SQL规范意识，熟练使用MySQL，了解MySQL常见优化策略；\n5. 具有较强的学习能力，能够快速掌握现有系统的开发方法和新技术；\n6. 具备良好的团队协作精神和执行力。\n",
    "money":"10k-20k ",
    "name":"php开发工程师",
    "part_time":"全职",
    "times":"经验3-5年 /",
    "title":"技术-后端开发-PHP-php开发工程师",
    "work_addr":" 西安- 灞桥区 -陆港金融小镇 查看地图 "
}{
    "addr":"/上海 /",
    "advantage":"五险一金 带薪年假 年底N薪 年度旅游",
    "com_feature":"  其他 领域   B轮 发展阶段   京东京东融资的B+轮(B轮)，元璟资本(B轮)，蓝驰创投(A轮) 投资机构   500-2000人 规模    https://www.kuainiugroup.... 公司主页  ",
    "com_name":"快牛金科",
    "expertence":"本科及以上 /",
    "job_detail":"\n岗位职责：\n1.负责APP后端API接口和后台管理系统的开发、维护、优化。\n2.参与需求分析、与相关人员一起探讨、设计、实现产品的新功能及改进。\n3.持续改进既有代码、架构，以应对日益增长的业务需求。\n\n职位要求:\n1.计算机相关专业本科以上学历，具有良好的代码书写习惯；\n2.精通PHP，熟悉 Linux+Nginx+PHP+MySQL 网站架构，熟悉yii框架，深入了解其实现原理；\n3. 熟练使用MySQL数据库，有丰富的数据库使用经验及设计能力，了解常用的SQL优化技巧。熟悉Memcached或Redis等技术，有高并发系统设计和开发经验者优先；\n4. 熟悉使用jquery,了解vue.js等相关javascript框架，有相关经验者优先；\n5.三年及以上互联网产品开发经验，有互联网金融相关产品开发经验者优先；\n6.具有较强的团队意识，善于沟通，对工作积极严谨，勇于承担压力；\n7.具备丰富的分层平台开发经验，参与完成过大型应用软件的开发，能牵头带领开发成员完成项目工作者优先。\n",
    "money":"15k-25k ",
    "name":"PHP开发工程师",
    "part_time":"全职",
    "times":"经验3-5年 /",
    "title":"技术-后端开发-PHP-PHP开发工程师",
    "work_addr":" 上海- 长宁区- 北新泾 -淞虹路207号明基广场B座4楼 查看地图 "
}{
    "addr":"/北京 /",
    "advantage":"五险一金、季度奖金、年终奖金、股权期权",
    "com_feature":"  移动互联网 领域   C轮 发展阶段   150-500人 规模    http://www.aigupiao.com 公司主页  ",
    "com_name":"爱股票",
    "expertence":"本科及以上 /",
    "job_detail":"\n岗位职责:1. 根据产品和运营需求，进行系统需求分析、架构设计;2. 对现有系统的不足进行分析，找到目前系统瓶颈，改进实现，提高系统性能，逐步提高代码的健壮可用。岗位要求:1. 本科及以上学历，5年及以上 PHP 项目/产品开发经验，熟悉Yii/CodeIgnitor/ThinkPHP/Symfony开发框架的一种或几种优先；2. 熟悉 MySQL 存储和索引设计，了解 MySQL 如何使用索引，能写出比较高效的 SQL；3. 熟悉 LNMP 技术栈，熟悉 Redis/Memcached 等缓存服务器并能有效地使用优先；4. 了解前端开发相关技术，能实现基本的页面呈现和 JavaScript 交互；5. 熟悉 Git/SVN 等版本控制软件，了解版本发布概念和软件工程基本流程；6. 热爱新技术，乐于学习新技术并进行实践，并且乐于分享者优先。\n",
    "money":"20k-30k ",
    "name":"php开发工程师",
    "part_time":"全职",
    "times":"经验5-10年 /",
    "title":"技术-后端开发-PHP-php开发工程师",
    "work_addr":" 北京- 海淀区 -阜外亮甲店1号中关村互联网文化创意产业园17号楼二层 查看地图 "
}{
    "addr":"/武汉 /",
    "advantage":"平台大 发展快 不打卡",
    "com_feature":"  生活服务 领域   B轮 发展阶段   500-2000人 规模    http://today36524.com 公司主页  ",
    "com_name":"Today今天连锁便利",
    "expertence":"本科及以上 /",
    "job_detail":"\n岗位职责：\n1、基于公司的业务与系统产品设计需求，负责php程序的设计、开发工作；\n2、负责公司系统数据库、程序模块的设计与开发；\n3、负责协助技术主管、产品经理进行技术评测，bug处理，代码开发；\n4、系统开发文档、技术文档、Swagger接口文档的编写。\n\n任职要求：\n1、本科以上学历，计算机等相关专业，三年以上PHP开发经验；\n2、熟悉nginx_php7+mysql开发，有PHP主流框架的使用经验。熟悉 Laravel，Yii，CI，Thinkphp 等主流框架；\n3、熟悉swoole扩展，了解微服务架构，有高并发经验，对MYSQL性能有调优经验；\n4、熟练使用MySQL/MongoDB、Memcached/Redis，具有优秀的结构设计和优化能力；\n5、熟悉Linux服务器日常安全管理和Lnmp环境维护经验的优先；\n6、有微信公共号，小程序开发经验优先考虑；\n7、拥有良好的编码习惯，要求结构清晰，命名规范，逻辑性强，代码冗余率低；\n8、具备较强的逻辑思维和学习能力，能独立进行模块开发、解决实际问题。\n",
    "money":"12k-24k ",
    "name":"PHP开发工程师",
    "part_time":"全职",
    "times":"经验3-5年 /",
    "title":"技术-后端开发-PHP-PHP开发工程师",
    "work_addr":" 武汉- 硚口区 -越秀财富中心21层today梦工厂 查看地图 "
}{
    "addr":"/广州 /",
    "advantage":"平台广,发展好,福利好,环境好",
    "com_feature":"  游戏 领域   不需要融资 发展阶段   150-500人 规模    http://www.lagou.com/gong... 公司主页  ",
    "com_name":"鲸鱼集团",
    "expertence":"本科及以上 /",
    "job_detail":"\n岗位职责：\n1.参与基于LNMP的网站架构设计与开发；\n2.参与网站服务器性能优化工作，如数据库优化，缓存优化，分布式集群等；\n3.参与数据采集爬虫等相关开发。\n4.参与日常网站业务开发工作。\n任职要求：\n1.熟悉PHP+MYSQL编程以及主流的PHP框架(ThinkPHP)，熟悉面向对象编程及MVC模式；\n2.有数据库优化、高并发互联网应用开发经验者优先；\n3.有数据采集爬虫相关（不限于PHP的NodeJS、Python等等）开发经验者优先；\n4.具备一定的学习能力，热爱技术，宽广的技术视野；\n5.要有责任感和良好的团队合作精神。\n",
    "money":"10k-15k ",
    "name":"PHP开发工程师",
    "part_time":"全职",
    "times":"经验1-3年 /",
    "title":"技术-后端开发-PHP-PHP开发工程师",
    "work_addr":" 广州- 天河区- 员村 -建中路50号佳都国际大厦首层 查看地图 "
}