{
    "addr":"/广州 /",
    "advantage":"大数据AI,期权激励,五险一金,带薪年假",
    "com_feature":"  数据服务,企业服务 领域   A轮 发展阶段   阿里巴巴；启明创投(A轮)，九合创投；英诺天使基金；臻云创投；（千万级Pre-A轮融资）(A轮)，九合创投(天使轮) 投资机构   150-500人 规模    http://www.tungee.com 公司主页  ",
    "com_name":"探迹科技",
    "expertence":"本科及以上 /",
    "job_detail":"\n岗位职责：\n1、负责平台数据的价值挖掘以及高价值维度数据的二次加工；\n2、负责开发项目中的文本分析与挖掘；\n3、负责数据项目中的建模工作。\n\n任职资格：\n1、计算机、统计、数学等相关专业，本科及以上学历，3年以上工作经验；\n2、熟悉机器学习，并有2年以上的相关工作经验；\n3、熟悉文本分析和挖掘，并有1年以上的相关工作经验；\n4、对数据敏感，能对高价值维度加工提出建设性建议；\n5、精通C/C++，Java，Python等编程语言的一种或多种，具备良好的编码能力；\n6、了解Tensorflow、Keras、Caffe、Theano等深度学习框架的一种或多种；\n7、良好的沟通能力和团队合作能力；\n8、有舆情分析项目经验者优先；\n9、有用户画像分析项目经验者优先。\n",
    "money":"10k-20k ",
    "name":"数据挖掘工程师",
    "part_time":"全职",
    "times":"经验1-3年 /",
    "title":"技术-后端开发-数据挖掘-数据挖掘工程师",
    "work_addr":" 广州- 番禺区- 大学城 -大学城中二横路26号研发大厦5层 查看地图 "
}{
    "addr":"/成都 /",
    "advantage":"五险一金,带薪年假,周末双休",
    "com_feature":"  移动互联网,旅游 领域   不需要融资 发展阶段   50-150人 规模    http://www.78dk.com 公司主页  ",
    "com_name":"启发分期",
    "expertence":"本科及以上 /",
    "job_detail":"\n工作职责：\n1、获取数据挖掘应用场景，负责方案设计、实施和交付，能快速理解业务应用场景，抽象解决方案并快速落地；\n2、通过数据挖掘技术分析用户行为，探究用户行为特征，发现有价值的行为模式、实施用户画像；\n3、能推动数据挖掘成果的应用，并跟踪实施效果，持续完善挖掘方案；\n4、负责数据挖掘结果汇报，撰写汇报PPT，演示汇报成果，收集汇报意见并改善；\n5、通过数据挖掘解决实际业务问题，完善业务模型，改善用户体验。\n\n任职要求：\n1、本科及以上学历，2年以上互联网数据挖掘方面的经验，数学、统计、计算机及相关专业；\n2、有用户画像和应用项目经验，对数据收集、整合、建模、应用等有在金融行业的实际应用案例者优先；\n3、扎实的机器学习理论基础，熟悉分类、回归、聚类等常用的机器学习/数据挖掘方法，有机器学习实践经验；\n4、扎实的编程基础，熟练掌握R/Python语言；\n5、熟悉SQL、HBase等数据库，有处理海量数据经验，能利用spark大数据平台建模者优先；\n6、工作认真负责，有较强的学习钻研能力和分析解决实际问题的能力，有消费金融类行业从业经验者优先考虑。\n入职即买五险一金。\n",
    "money":"10k-15k ",
    "name":"数据挖掘工程师",
    "part_time":"全职",
    "times":"经验1-3年 /",
    "title":"技术-后端开发-数据挖掘-数据挖掘工程师",
    "work_addr":" 成都- 高新区 -天府软件园B区B6栋3楼 查看地图 "
}