{
    "addr":"/上海 /",
    "advantage":"大平台、牛人云集",
    "com_feature":"  移动互联网 领域   不需要融资 发展阶段   2000人以上 规模    http://www.deppon.com/ 公司主页  ",
    "com_name":"德邦",
    "expertence":"学历不限 /",
    "job_detail":"\n1、业务模型规划及体系搭建：参与公司现有业务分析模型的梳理，输出模型建设规划以及落地架构的搭建计划 \n2、业务模型及实施：与业务、IT人员沟通，梳理模型需求进行业务建模并结合大数据平台进行实施落地，辅助业务模型解释及推广工作    \n任职资格：\n1、具有数据分析、数据挖掘、数据可视化相关产品经验    \n2、熟练掌握机器学习/数据挖掘/统计学等相关的基础理论和方法，有决策树/SVM/聚类/逻辑回归/贝叶斯等算法；  \n3、熟练掌握scala/python等语言之一，有通过hadoop平台进行库内分析建模的经验  \n4、熟悉常用分布式计算和存储框架，hadoop/HDFS/Hive/Spark等 \n5、沟通协调能力强，能与业务人员顺畅沟通，快速获取建模需求，进行业务建模、实施落地以及后续模型持续优化\n6、对海量数据进行提炼、分析、归纳用户属性、行为等信息，输出分析报告\n7、针对具体业务问题，研究潜在因素，进行数据分析验证并提出改善建议    \n",
    "money":"18k-24k ",
    "name":"数据架构师",
    "part_time":"全职",
    "times":"经验5-10年 /",
    "title":"技术-后端开发-数据挖掘-数据架构师",
    "work_addr":" 上海- 青浦区 -徐泾镇明珠路1018号 查看地图 "
}