{
    "addr":"/北京 /",
    "advantage":"六险一金；十四薪；午餐晚餐；扁平化管理",
    "com_feature":"  移动互联网,金融 领域   不需要融资 发展阶段   昆仑万维领投（3.1亿人民币国内最大天使融资）(天使轮) 投资机构   150-500人 规模    https://www.yangqianguan.com 公司主页  ",
    "com_name":"洋钱罐",
    "expertence":"本科及以上 /",
    "job_detail":"\n我们期望：\n1. 计算机或相关专业985本科及以上学历；\n2. 熟悉Java/Python等编程语言，对数据结构和算法设计有较为深刻的理解；\n3. 良好的逻辑思维能力，能够从海量数据中发现有价值的规律；\n4. 优秀的分析和解决问题的能力，对挑战性问题充满激情；\n5. 良好的团队合作精神，较强的沟通能力和学习能力；\n6. 有数据挖掘、机器学习、推荐系统相关经验优先；\n7. 有互联网金融工作经验优先。\n\n工作内容：\n1. 风控数据平台建设，包括数据交互、特征提取、数据挖掘、用户画像等；\n2. 风控模型的开发与优化；\n3. 风控数据和模型监控系统建设。\n",
    "money":"15k-30k ",
    "name":"数据挖掘",
    "part_time":"全职",
    "times":"经验1-3年 /",
    "title":"技术-后端开发-数据挖掘-数据挖掘",
    "work_addr":" 北京- 朝阳区 -团结湖中青大厦19层 查看地图 "
}{
    "addr":"/上海 /",
    "advantage":"升职加薪，指日可待！！！",
    "com_feature":"  数据服务金融 领域   A轮 发展阶段   150-500人 规模    https://www.medfintech.com/ 公司主页  ",
    "com_name":"旖美科技",
    "expertence":"硕士及以上 /",
    "job_detail":"\n岗位职责：1.基于业务需求，持续进行数据模型和算法的分析优化；2.独立负责业务数据收集整理，搭建业务数据体系，结合业务对多种数据源进行深度诊断性组合分析、挖掘、深度分析。3.深入挖掘和分析海量互联网用户数据，挖掘用户行为特征，建立预测性模型；4.在业务出现指标异常状况时进行针对性的数据分析，迅速锁定问题源头并提出解决方案。\n岗位要求：1.本科及以上学历，数学类、统计类、计算机类专业优先；2.熟悉lr，决策树，随机森林，boosting等主流算法；3.熟练使用python，SQL，对数据科学有一定兴趣；4.有金融数据分析经验加分，名校加分，对分布式机器学习有了解加分\n\n",
    "money":"15k-30k ",
    "name":"数据挖掘",
    "part_time":"全职",
    "times":"经验不限 /",
    "title":"技术-后端开发-数据挖掘-数据挖掘",
    "work_addr":" 上海- 徐汇区- 龙华 -徐汇区龙漕路299号天华信息科技园南区3A座7楼 查看地图 "
}